ID,First Name,Last Name,Email,Number,Position,Birthdate
8T31CW97,Mikkel,Andersen,,16,Forward,
NQUHWNT8,Brandon,Barrett,,3,Back,
RZVDPP2H,Kyle,Bartleson,,19,Midfield,
BXNDC33E,Sean,Boyle,,24,Back,
WAN3EDAQ,Truls,Brændvang,,8,Midfield,
K4M8RH90,Vegard,Bratrok,,23,Midfield,
TMQZHBSZ,Nate,Bunting,,25,Back,
9JB0K4ZU,Fletcher,Caponecchia,,4,Midfield,
WMMMBPZ4,Kenyatta,Collins,,2,Back,
QUFEC8Q7,Blake,Driehuis,,9,Forward,
CBBP1HEE,Max,Dunphy,,99,Goalkeeper,
S20FVA12,Carter,Fitzgerald,,00,Goalkeeper,
QTEA0JJV,James,Fletcher,,12,Midfield,
5MV4Q6Q6,Jan,Golinski,,15,Back,
CY1K1RN5,Marcus,Goodley,,0,Goalkeeper,
AE4M6LX4,Lars,Haavie,,1,Goalkeeper,
34VJEMW1,Ariel,Hadar,,6,Midfield,
GQVKQL6Y,Erik,Hargedahl,,36,Back,
ZZ6WYE6R,Alex,Hartmann,,26,Back,
ABAGURWV,Alex,Hood,,11,Midfield,
XYHEWSCF,Chris,Hunt,,24,Midfield,
M6DBQ0S0,Trevor,Jackson,,99,Goalkeeper,
L083PLR8,Luke,Johnson,,11,Midfield,
SV17VCW3,Bart,Kooistra,,14,Forward,
7HZWFJM6,Glen,Lala,,18,Midfield,
PX2T953V,Luis,Ludosan,,1,Goalkeeper,
JBHDPKG4,Garrett,Lyons,,31,Midfield,
Z7XCX0QZ,Matias,Mancini,,10,Forward,
HHCFE1U5,Tomas,Martini,,5,Midfield,
DB91WA5K,Matteo,Mazzotta,,16,Midfield,
5G7Q4MF9,Jake,McConnery,,5,Back,
6ZAASA2H,Campbell,McIntyre,,20,Forward,
RCX5ZPZE,Ryan,Moroney,,0,Goalkeeper,
3CEGAWU5,Max,Moyer,,21,Midfield,
UP9EVFPM,Eishu,Nishizono,,6,Back,
NG442VQM,Gabe,Olla,,12,Back,
62A6PQBJ,Omry,Perel,,20,Midfield,
BDEB00KB,Kobe,Perlaza,,27,Back,
UESQP33Y,Dylan,Petke,,17,Midfield,
T6PB44M1,Tommaso,Rossetto,,19,Forward,
DP9NZRUH,Ari,Rosu,,4,Midfield,
JH630GSL,Jesper,Sandberg,,22,Forward,
G6JAJN1W,David,Schwartzman,,13,Back,
MM70ULKM,Oskar,Steinicke,,13,Forward,
ZNRNZ1HT,Jökull,Sveinsson,,4,Back,
38V4A9G6,Cassidy,Tanddo,,21,Back,
61HKGZ0X,Herman,Tveit-Reffsgaard,,22,Midfield,
6510DZ2G,Patrick,Vani,,10,Forward,
ZWLYHNCS,Philipp,Wujewitsch,,33,Midfield,
JE3S2PR9,Daniel,Zivkovic,,7,Forward,
